Name,WriteDate,Data
1,2023-06-03 21:18:41,ththththhththththththtt
1,2023-06-03 21:19:07,ththththhththththththtt
1,2023-06-03 21:19:12,ffffffffffffffffffffffffffffffffffffffffff
1,2023-06-03 22:36:32,eeeeeeeeeeeeeeeeeeeeeeeeeeeeeeeeeeee
1,2023-06-03 23:44:12,ddddddddddddddd
1,2023-06-04 00:11:58,ffff
2,2023-06-03 21:18:12,hghghgg
2,2023-06-03 22:37:13,kokokpokpkpkfs;kasl'mdklsdkv sn;lv sa'vl v      gbgbgf 
2,2023-06-03 23:44:34,eeeeeeeeeeeeeeeeeeeeeee
3,2023-06-04 13:04:20,jejgiorgiege
3,2023-06-04 13:04:23,egegegeeter
3,2023-06-04 13:04:50,"eeeee
"
